label,raw rotations,optimized rotations,rotation reduction,raw avg Âą std pauli weight,optimized avg Âą std pauli weight,avg pauli weight reduction,I.G. avg Âą std degree,I.G. modularity,I.G. num communities
adder-10q-gs-5,56,32,42.86%,4.17 Âą 2.79,5.40 Âą 2.84,-29.71%,9.00 Âą 0.00,0.02,2
adder-10q-gs-8,56,32,42.86%,4.17 Âą 2.79,5.40 Âą 2.84,-29.71%,9.00 Âą 0.00,0.02,2
adder-10q-sk-1,56,32,42.86%,4.17 Âą 2.79,5.40 Âą 2.84,-29.71%,9.00 Âą 0.00,0.02,2
adder-10q-sk-2,56,32,42.86%,4.17 Âą 2.79,5.40 Âą 2.84,-29.71%,9.00 Âą 0.00,0.02,2
adder-28q-gs-5,168,96,42.86%,4.29 Âą 2.76,5.56 Âą 2.76,-29.50%,10.07 Âą 2.34,0.61,3
adder-28q-gs-8,168,96,42.86%,4.29 Âą 2.76,5.56 Âą 2.76,-29.50%,10.07 Âą 2.34,0.61,3
adder-28q-sk-1,168,96,42.86%,4.29 Âą 2.76,5.56 Âą 2.76,-29.50%,10.07 Âą 2.34,0.61,3
adder-28q-sk-2,168,96,42.86%,4.29 Âą 2.76,5.56 Âą 2.76,-29.50%,10.07 Âą 2.34,0.61,3
adder-4q-gs-5,8,8,0.00%,1.92 Âą 0.95,1.92 Âą 0.95,0.00%,3.00 Âą 0.00,0,1
adder-4q-gs-8,8,8,0.00%,1.92 Âą 0.95,1.92 Âą 0.95,0.00%,3.00 Âą 0.00,0,1
adder-4q-sk-1,8,8,0.00%,1.92 Âą 0.95,1.92 Âą 0.95,0.00%,3.00 Âą 0.00,0,1
adder-4q-sk-2,8,8,0.00%,1.92 Âą 0.95,1.92 Âą 0.95,0.00%,3.00 Âą 0.00,0,1
adder-64q-gs-5,392,224,42.86%,4.33 Âą 2.75,5.60 Âą 2.73,-29.44%,10.41 Âą 2.60,0.78,7
adder-64q-gs-8,392,224,42.86%,4.33 Âą 2.75,5.60 Âą 2.73,-29.44%,10.41 Âą 2.60,0.78,7
adder-64q-sk-1,392,224,42.86%,4.33 Âą 2.75,5.60 Âą 2.73,-29.44%,10.41 Âą 2.60,0.78,7
adder-64q-sk-2,392,224,42.86%,4.33 Âą 2.75,5.60 Âą 2.73,-29.44%,10.41 Âą 2.60,0.78,7
fermi-hubbard-1d-128q-gs-5,864440,861048,0.39%,68.20 Âą 33.37,77.53 Âą 29.29,-13.68%,127.00 Âą 0.00,0.02,2
fermi-hubbard-1d-128q-gs-8,1432080,1427680,0.31%,91.35 Âą 17.46,91.66 Âą 16.76,-0.33%,127.00 Âą 0.00,0,1
fermi-hubbard-1d-128q-sk-1,484960,0,100.00%,1.27 Âą 1.02,1.00 Âą 0.00,21.12%,15.52 Âą 7.85,0.57,5
fermi-hubbard-1d-128q-sk-2,484960,0,100.00%,1.27 Âą 1.02,1.00 Âą 0.00,21.12%,15.52 Âą 7.85,0.57,5
fermi-hubbard-1d-18q-gs-5,120840,120124,0.59%,9.39 Âą 3.97,9.76 Âą 3.97,-3.96%,17.00 Âą 0.00,0,1
fermi-hubbard-1d-18q-gs-8,200160,199600,0.28%,13.02 Âą 2.70,12.99 Âą 2.57,0.26%,17.00 Âą 0.00,0,1
fermi-hubbard-1d-18q-sk-1,75680,0,100.00%,1.25 Âą 0.91,1.00 Âą 0.00,19.96%,10.67 Âą 2.29,0.21,3
fermi-hubbard-1d-18q-sk-2,75680,0,100.00%,1.25 Âą 0.91,1.00 Âą 0.00,19.96%,10.67 Âą 2.29,0.21,3
fermi-hubbard-1d-72q-gs-5,485880,481848,0.83%,40.34 Âą 17.07,41.30 Âą 15.93,-2.39%,71.00 Âą 0.00,0,2
fermi-hubbard-1d-72q-gs-8,804880,803360,0.19%,52.72 Âą 7.55,52.75 Âą 7.51,-0.06%,71.00 Âą 0.00,0,1
fermi-hubbard-1d-72q-sk-1,282400,0,100.00%,1.27 Âą 1.04,1.00 Âą 0.00,20.99%,15.47 Âą 7.16,0.43,5
fermi-hubbard-1d-72q-sk-2,282400,0,100.00%,1.27 Âą 1.04,1.00 Âą 0.00,20.99%,15.47 Âą 7.16,0.42,7
fermi-hubbard-2d-128q-gs-5,1376440,1373368,0.22%,11.31 Âą 9.09,11.31 Âą 9.13,-0.01%,81.62 Âą 23.82,0.35,4
fermi-hubbard-2d-128q-gs-8,2251280,2251280,0.00%,93.76 Âą 12.23,93.76 Âą 12.23,0.00%,127.00 Âą 0.00,0,1
fermi-hubbard-2d-128q-sk-1,1457760,0,100.00%,1.27 Âą 1.25,1.00 Âą 0.00,21.24%,24.69 Âą 10.09,0.52,4
fermi-hubbard-2d-128q-sk-2,1457760,0,100.00%,1.27 Âą 1.25,1.00 Âą 0.00,21.24%,24.69 Âą 10.09,0.52,4
fermi-hubbard-2d-18q-gs-5,192840,192364,0.25%,13.31 Âą 2.17,13.35 Âą 2.15,-0.34%,17.00 Âą 0.00,0,1
fermi-hubbard-2d-18q-gs-8,315520,315280,0.08%,13.33 Âą 2.15,13.35 Âą 2.16,-0.15%,17.00 Âą 0.00,0,1
fermi-hubbard-2d-18q-sk-1,173440,0,100.00%,1.24 Âą 0.94,1.00 Âą 0.00,19.22%,13.11 Âą 2.11,0.27,2
fermi-hubbard-2d-18q-sk-2,173440,0,100.00%,1.24 Âą 0.94,1.00 Âą 0.00,19.22%,13.11 Âą 2.11,0.27,2
fermi-hubbard-2d-72q-gs-5,773880,772608,0.16%,14.59 Âą 9.61,20.24 Âą 12.26,-38.70%,63.83 Âą 7.71,0.12,4
fermi-hubbard-2d-72q-gs-8,1265680,1265680,0.00%,53.23 Âą 6.21,53.23 Âą 6.21,0.00%,71.00 Âą 0.00,0,1
fermi-hubbard-2d-72q-sk-1,844480,0,100.00%,1.27 Âą 1.26,1.00 Âą 0.00,21.16%,23.31 Âą 8.65,0.38,3
fermi-hubbard-2d-72q-sk-2,844480,0,100.00%,1.27 Âą 1.26,1.00 Âą 0.00,21.16%,23.31 Âą 8.65,0.38,3
fermi-hubbard-2d-tri-128q-gs-5,1888440,1887528,0.05%,93.66 Âą 12.76,93.70 Âą 12.76,-0.04%,127.00 Âą 0.00,0,1
fermi-hubbard-2d-tri-128q-gs-8,3070480,3068600,0.06%,93.89 Âą 11.91,93.89 Âą 11.97,0.00%,127.00 Âą 0.00,0,1
fermi-hubbard-2d-tri-128q-sk-1,2475360,0,100.00%,1.27 Âą 1.30,1.00 Âą 0.00,21.19%,27.50 Âą 9.28,0.51,4
fermi-hubbard-2d-tri-128q-sk-2,2475360,0,100.00%,1.27 Âą 1.30,1.00 Âą 0.00,21.19%,27.50 Âą 9.28,0.51,4
fermi-hubbard-2d-tri-18q-gs-5,264840,263404,0.54%,2.97 Âą 2.07,6.37 Âą 3.24,-114.65%,14.33 Âą 2.00,0.27,2
fermi-hubbard-2d-tri-18q-gs-8,430640,428760,0.44%,13.33 Âą 2.13,13.36 Âą 2.14,-0.22%,17.00 Âą 0.00,0,1
fermi-hubbard-2d-tri-18q-sk-1,272960,0,100.00%,1.23 Âą 0.95,1.00 Âą 0.00,18.84%,13.33 Âą 2.19,0.28,2
fermi-hubbard-2d-tri-18q-sk-2,272960,0,100.00%,1.23 Âą 0.95,1.00 Âą 0.00,18.84%,13.33 Âą 2.19,0.28,2
fermi-hubbard-2d-tri-72q-gs-5,1061880,1061528,0.03%,53.22 Âą 6.24,53.26 Âą 6.23,-0.07%,71.00 Âą 0.00,0,1
fermi-hubbard-2d-tri-72q-gs-8,1726480,1717520,0.52%,53.19 Âą 6.54,53.24 Âą 6.29,-0.10%,71.00 Âą 0.00,0,1
fermi-hubbard-2d-tri-72q-sk-1,1401280,0,100.00%,1.26 Âą 1.29,1.00 Âą 0.00,20.93%,25.94 Âą 7.86,0.38,3
fermi-hubbard-2d-tri-72q-sk-2,1401280,0,100.00%,1.26 Âą 1.29,1.00 Âą 0.00,20.93%,25.94 Âą 7.86,0.38,3
heisenberg-1d-100q-gs-5,575080,575040,0.01%,1.72 Âą 0.46,1.72 Âą 0.46,0.00%,2.04 Âą 0.20,0.8,10
heisenberg-1d-100q-gs-8,966360,966360,0.00%,39.75 Âą 26.36,39.75 Âą 26.36,0.00%,99.00 Âą 0.00,0.12,2
heisenberg-1d-100q-sk-1,399840,0,100.00%,1.12 Âą 0.32,1.00 Âą 0.00,10.70%,2.00 Âą 0.00,0.8,9
heisenberg-1d-100q-sk-2,528160,96240,81.78%,1.21 Âą 0.41,65.24 Âą 30.67,-5281.72%,2.00 Âą 0.00,0.79,8
heisenberg-1d-36q-gs-5,206440,206400,0.02%,1.67 Âą 0.51,1.67 Âą 0.51,0.00%,2.11 Âą 0.31,0.67,6
heisenberg-1d-36q-gs-8,346840,346840,0.00%,14.81 Âą 9.29,14.81 Âą 9.29,0.00%,35.00 Âą 0.00,0.1,2
heisenberg-1d-36q-sk-1,143840,0,100.00%,1.12 Âą 0.32,1.00 Âą 0.00,10.68%,2.00 Âą 0.00,0.66,6
heisenberg-1d-36q-sk-2,190240,34800,81.71%,1.21 Âą 0.41,24.78 Âą 8.43,-1943.66%,2.00 Âą 0.00,0.66,7
heisenberg-1d-64q-gs-5,367720,367720,0.00%,45.16 Âą 10.01,45.16 Âą 10.01,0.00%,63.00 Âą 0.00,0,1
heisenberg-1d-64q-gs-8,617880,617880,0.00%,15.25 Âą 19.71,15.25 Âą 19.71,0.00%,63.00 Âą 0.00,0.05,2
heisenberg-1d-64q-sk-1,255840,0,100.00%,1.12 Âą 0.32,1.00 Âą 0.00,10.69%,2.00 Âą 0.00,0.74,8
heisenberg-1d-64q-sk-2,338080,61680,81.76%,1.21 Âą 0.41,42.64 Âą 17.77,-3417.63%,2.00 Âą 0.00,0.74,9
heisenberg-1d-9q-gs-5,50920,50880,0.08%,1.73 Âą 0.58,1.73 Âą 0.58,0.00%,2.44 Âą 0.50,0.33,3
heisenberg-1d-9q-gs-8,85480,85480,0.00%,6.47 Âą 2.28,6.47 Âą 2.28,0.00%,8.00 Âą 0.00,0,1
heisenberg-1d-9q-sk-1,35840,0,100.00%,1.12 Âą 0.32,1.00 Âą 0.00,10.58%,2.00 Âą 0.00,0.32,3
heisenberg-1d-9q-sk-2,47680,8880,81.38%,1.21 Âą 0.41,6.62 Âą 1.61,-445.33%,2.00 Âą 0.00,0.31,3
heisenberg-2d-100q-gs-5,1151080,1151080,0.00%,73.67 Âą 9.55,73.67 Âą 9.55,0.00%,99.00 Âą 0.00,0,1
heisenberg-2d-100q-gs-8,1934360,1933720,0.03%,51.25 Âą 8.60,51.25 Âą 8.59,0.00%,98.44 Âą 1.90,0,1
heisenberg-2d-100q-sk-1,799840,0,100.00%,1.12 Âą 0.32,1.00 Âą 0.00,10.71%,4.00 Âą 0.00,0.56,8
heisenberg-2d-100q-sk-2,1056160,192240,81.80%,1.21 Âą 0.41,72.90 Âą 11.15,-5914.17%,4.00 Âą 0.00,0.57,8
heisenberg-2d-36q-gs-5,413800,413760,0.01%,1.68 Âą 0.52,1.68 Âą 0.52,0.00%,4.33 Âą 0.75,0.4,6
heisenberg-2d-36q-gs-8,695320,694840,0.07%,6.22 Âą 4.40,6.30 Âą 4.40,-1.39%,32.50 Âą 3.65,0.05,5
heisenberg-2d-36q-sk-1,287840,0,100.00%,1.12 Âą 0.32,1.00 Âą 0.00,10.70%,4.00 Âą 0.00,0.42,4
heisenberg-2d-36q-sk-2,380320,69360,81.76%,1.21 Âą 0.41,26.35 Âą 4.25,-2073.69%,4.00 Âą 0.00,0.41,4
heisenberg-2d-64q-gs-5,736360,736360,0.00%,47.23 Âą 6.28,47.23 Âą 6.28,0.00%,63.00 Âą 0.00,0,1
heisenberg-2d-64q-gs-8,1237400,1236680,0.06%,46.66 Âą 7.54,46.73 Âą 7.52,-0.14%,63.00 Âą 0.00,0,1
heisenberg-2d-64q-sk-1,511840,0,100.00%,1.12 Âą 0.32,1.00 Âą 0.00,10.70%,4.00 Âą 0.00,0.5,8
heisenberg-2d-64q-sk-2,676000,123120,81.79%,1.21 Âą 0.41,46.75 Âą 7.23,-3756.48%,4.00 Âą 0.00,0.5,6
heisenberg-2d-9q-gs-5,102760,102720,0.04%,1.79 Âą 0.61,1.79 Âą 0.61,0.00%,4.89 Âą 0.74,0.2,3
heisenberg-2d-9q-gs-8,172600,172520,0.05%,6.71 Âą 1.37,6.71 Âą 1.37,0.00%,8.00 Âą 0.00,0,1
heisenberg-2d-9q-sk-1,71840,0,100.00%,1.12 Âą 0.32,1.00 Âą 0.00,10.65%,4.00 Âą 0.00,0.17,3
heisenberg-2d-9q-sk-2,95200,17520,81.60%,1.21 Âą 0.41,6.65 Âą 1.42,-448.09%,4.00 Âą 0.00,0.16,3
heisenberg-2d-tri-100q-gs-5,1727080,1727040,0.00%,1.66 Âą 0.50,1.66 Âą 0.50,0.00%,6.12 Âą 0.47,0.52,7
heisenberg-2d-tri-100q-gs-8,2902360,2902360,0.00%,73.51 Âą 9.22,73.51 Âą 9.22,0.00%,99.00 Âą 0.00,0,1
heisenberg-2d-tri-100q-sk-1,1199840,0,100.00%,1.12 Âą 0.32,1.00 Âą 0.00,10.71%,6.00 Âą 0.00,0.53,7
heisenberg-2d-tri-100q-sk-2,1584160,288240,81.80%,1.21 Âą 0.41,73.41 Âą 9.48,-5956.33%,6.00 Âą 0.00,0.52,8
heisenberg-2d-tri-36q-gs-5,621160,621120,0.01%,1.74 Âą 0.50,1.74 Âą 0.50,0.00%,6.33 Âą 0.75,0.36,6
heisenberg-2d-tri-36q-gs-8,1043800,1043640,0.02%,26.13 Âą 4.01,26.13 Âą 4.01,0.00%,35.00 Âą 0.00,0,1
heisenberg-2d-tri-36q-sk-1,431840,0,100.00%,1.12 Âą 0.32,1.00 Âą 0.00,10.70%,6.00 Âą 0.00,0.34,7
heisenberg-2d-tri-36q-sk-2,570400,103920,81.78%,1.21 Âą 0.41,26.57 Âą 3.79,-2091.84%,6.00 Âą 0.00,0.34,5
heisenberg-2d-tri-64q-gs-5,1105000,1105000,0.00%,47.46 Âą 5.42,47.46 Âą 5.42,0.00%,63.00 Âą 0.00,0,1
heisenberg-2d-tri-64q-gs-8,1856920,1856680,0.01%,38.10 Âą 5.33,38.10 Âą 5.33,0.00%,63.00 Âą 0.00,0,2
heisenberg-2d-tri-64q-sk-1,767840,0,100.00%,1.12 Âą 0.32,1.00 Âą 0.00,10.71%,6.00 Âą 0.00,0.45,6
heisenberg-2d-tri-64q-sk-2,1013920,184560,81.80%,1.21 Âą 0.41,47.03 Âą 6.25,-3779.81%,6.00 Âą 0.00,0.44,6
heisenberg-2d-tri-9q-gs-5,154600,154600,0.00%,6.71 Âą 1.36,6.71 Âą 1.36,0.00%,8.00 Âą 0.00,0,1
heisenberg-2d-tri-9q-gs-8,259720,259720,0.00%,6.68 Âą 1.36,6.68 Âą 1.36,0.00%,8.00 Âą 0.00,0,1
heisenberg-2d-tri-9q-sk-1,107840,0,100.00%,1.12 Âą 0.32,1.00 Âą 0.00,10.67%,6.00 Âą 0.00,0,1
heisenberg-2d-tri-9q-sk-2,142720,26160,81.67%,1.21 Âą 0.41,6.68 Âą 1.38,-451.03%,6.00 Âą 0.00,0,2
hhl-12q-gs-5,112922,110534,2.11%,7.27 Âą 2.62,7.23 Âą 2.60,0.57%,11.00 Âą 0.00,0,1
hhl-12q-gs-8,180202,177912,1.27%,7.10 Âą 2.62,7.18 Âą 2.55,-1.11%,11.00 Âą 0.00,0,1
hhl-12q-sk-1,18956,7144,62.31%,4.71 Âą 2.35,5.35 Âą 2.68,-13.53%,11.00 Âą 0.00,0.01,2
hhl-12q-sk-2,67062,39254,41.47%,4.75 Âą 2.41,7.17 Âą 2.78,-51.08%,11.00 Âą 0.00,0.01,2
hhl-21q-gs-5,1133342,1111782,1.90%,12.47 Âą 4.41,12.54 Âą 4.53,-0.55%,20.00 Âą 0.00,0.01,2
hhl-21q-gs-8,1805980,1785138,1.15%,12.42 Âą 4.59,12.40 Âą 4.48,0.19%,20.00 Âą 0.00,0,2
hhl-21q-sk-1,169465,59169,65.08%,6.28 Âą 4.21,9.94 Âą 4.23,-58.22%,20.00 Âą 0.00,0.01,2
hhl-21q-sk-2,623035,348987,43.99%,6.62 Âą 4.21,12.44 Âą 4.49,-87.74%,20.00 Âą 0.00,0,2
hhl-4q-gs-5,1274,1262,0.94%,1.67 Âą 0.90,1.67 Âą 0.90,-0.10%,3.00 Âą 0.00,0,1
hhl-4q-gs-8,2004,1990,0.70%,1.51 Âą 0.68,1.50 Âą 0.68,0.13%,3.00 Âą 0.00,0.14,2
hhl-4q-sk-1,151,55,63.58%,1.67 Âą 0.74,1.86 Âą 1.06,-11.58%,3.00 Âą 0.00,0,1
hhl-4q-sk-2,625,395,36.80%,1.53 Âą 0.72,2.01 Âą 1.00,-31.56%,3.00 Âą 0.00,0,1
hhl-7q-gs-5,14136,13900,1.67%,4.17 Âą 1.61,4.18 Âą 1.46,-0.28%,6.00 Âą 0.00,0,1
hhl-7q-gs-8,22502,22238,1.17%,3.97 Âą 1.67,4.17 Âą 1.72,-5.19%,6.00 Âą 0.00,0,1
hhl-7q-sk-1,2042,722,64.64%,2.16 Âą 1.10,3.63 Âą 1.38,-67.72%,6.00 Âą 0.00,0,1
hhl-7q-sk-2,7882,4446,43.59%,2.09 Âą 1.14,4.12 Âą 1.61,-96.45%,6.00 Âą 0.00,0,1
ising-1d-100q-gs-5,390960,383000,2.04%,1.34 Âą 0.47,1.34 Âą 0.48,-0.52%,2.00 Âą 0.00,0.79,10
ising-1d-100q-gs-8,630520,626560,0.63%,19.97 Âą 29.54,19.90 Âą 29.52,0.32%,99.00 Âą 0.00,0.05,2
ising-1d-100q-sk-1,63840,0,100.00%,1.25 Âą 0.43,1.00 Âą 0.00,20.02%,2.00 Âą 0.00,0.8,9
ising-1d-100q-sk-2,128160,48240,62.36%,1.37 Âą 0.48,18.54 Âą 27.96,-1249.34%,2.00 Âą 0.00,0.79,10
ising-1d-36q-gs-5,140080,137242,2.03%,7.31 Âą 8.98,7.33 Âą 8.99,-0.26%,35.00 Âą 0.00,0.05,3
ising-1d-36q-gs-8,226040,224640,0.62%,13.10 Âą 11.81,13.07 Âą 11.81,0.28%,35.00 Âą 0.00,0.08,2
ising-1d-36q-sk-1,22880,0,100.00%,1.25 Âą 0.43,1.00 Âą 0.00,20.09%,2.00 Âą 0.00,0.66,6
ising-1d-36q-sk-2,46240,17520,62.11%,1.37 Âą 0.48,6.91 Âą 8.93,-402.96%,2.00 Âą 0.00,0.66,6
ising-1d-64q-gs-5,249840,244722,2.05%,1.34 Âą 0.47,1.35 Âą 0.48,-0.53%,2.00 Âą 0.00,0.75,8
ising-1d-64q-gs-8,403000,400480,0.63%,22.52 Âą 21.16,22.45 Âą 21.17,0.29%,63.00 Âą 0.00,0.09,2
ising-1d-64q-sk-1,40800,0,100.00%,1.25 Âą 0.43,1.00 Âą 0.00,20.04%,2.00 Âą 0.00,0.74,8
ising-1d-64q-sk-2,82080,30960,62.28%,1.37 Âą 0.48,11.92 Âą 17.21,-767.21%,2.00 Âą 0.00,0.75,8
ising-1d-9q-gs-5,34240,33562,1.98%,3.55 Âą 2.28,3.55 Âą 2.29,-0.13%,8.00 Âą 0.00,0.01,2
ising-1d-9q-gs-8,55400,55080,0.58%,4.21 Âą 2.72,4.21 Âą 2.72,0.19%,8.00 Âą 0.00,0.01,2
ising-1d-9q-sk-1,5600,0,100.00%,1.26 Âą 0.44,1.00 Âą 0.00,20.43%,2.00 Âą 0.00,0.33,3
ising-1d-9q-sk-2,11680,4560,60.96%,1.37 Âą 0.48,3.16 Âą 2.24,-130.52%,2.00 Âą 0.00,0.31,3
ising-2d-100q-gs-5,582960,574962,1.37%,1.45 Âą 0.50,1.46 Âą 0.50,-0.43%,4.00 Âą 0.00,0.56,8
ising-2d-100q-gs-8,950520,946560,0.42%,21.66 Âą 18.54,21.70 Âą 18.54,-0.22%,98.58 Âą 1.37,0.08,2
ising-2d-100q-sk-1,95840,0,100.00%,1.33 Âą 0.47,1.00 Âą 0.00,25.01%,4.00 Âą 0.00,0.56,7
ising-2d-100q-sk-2,224160,96240,57.07%,1.43 Âą 0.49,70.79 Âą 14.70,-4856.98%,4.00 Âą 0.00,0.57,8
ising-2d-36q-gs-5,209200,206362,1.36%,25.79 Âą 4.77,25.80 Âą 4.75,-0.03%,35.00 Âą 0.00,0,1
ising-2d-36q-gs-8,341240,339840,0.41%,10.92 Âą 7.91,10.93 Âą 7.91,-0.12%,35.00 Âą 0.00,0.05,2
ising-2d-36q-sk-1,34400,0,100.00%,1.33 Âą 0.47,1.00 Âą 0.00,25.07%,4.00 Âą 0.00,0.42,6
ising-2d-36q-sk-2,80800,34800,56.93%,1.43 Âą 0.49,25.35 Âą 5.30,-1676.05%,4.00 Âą 0.00,0.42,5
ising-2d-64q-gs-5,372720,367642,1.36%,45.88 Âą 8.31,45.89 Âą 8.29,-0.02%,63.00 Âą 0.00,0,1
ising-2d-64q-gs-8,607800,605280,0.41%,14.13 Âą 11.41,14.15 Âą 11.42,-0.15%,62.91 Âą 0.42,0.09,2
ising-2d-64q-sk-1,61280,0,100.00%,1.33 Âą 0.47,1.00 Âą 0.00,25.03%,4.00 Âą 0.00,0.5,8
ising-2d-64q-sk-2,143520,61680,57.02%,1.43 Âą 0.49,45.45 Âą 9.31,-3082.96%,4.00 Âą 0.00,0.48,8
ising-2d-9q-gs-5,51520,50840,1.32%,1.46 Âą 0.50,1.47 Âą 0.50,-0.42%,4.00 Âą 0.00,0.17,3
ising-2d-9q-gs-8,84200,83880,0.38%,3.68 Âą 1.80,3.67 Âą 1.80,0.10%,8.00 Âą 0.00,0,1
ising-2d-9q-sk-1,8480,0,100.00%,1.34 Âą 0.47,1.00 Âą 0.00,25.33%,4.00 Âą 0.00,0.17,3
ising-2d-9q-sk-2,20320,8880,56.30%,1.43 Âą 0.49,6.10 Âą 1.65,-328.08%,4.00 Âą 0.00,0.17,3
ising-2d-tri-100q-gs-5,774960,767040,1.02%,73.03 Âą 10.34,73.08 Âą 10.34,-0.07%,99.00 Âą 0.00,0,1
ising-2d-tri-100q-gs-8,1270520,1266560,0.31%,17.46 Âą 14.01,17.44 Âą 14.00,0.12%,93.50 Âą 8.48,0.12,3
ising-2d-tri-100q-sk-1,127840,0,100.00%,1.38 Âą 0.48,1.00 Âą 0.00,27.28%,6.00 Âą 0.00,0.52,7
ising-2d-tri-100q-sk-2,320160,144240,54.95%,1.45 Âą 0.50,72.34 Âą 12.19,-4889.88%,6.00 Âą 0.00,0.53,6
ising-2d-tri-36q-gs-5,278320,275442,1.03%,1.51 Âą 0.50,1.52 Âą 0.50,-0.35%,6.00 Âą 0.00,0.34,6
ising-2d-tri-36q-gs-8,456440,455040,0.31%,26.04 Âą 4.25,26.04 Âą 4.26,0.00%,35.00 Âą 0.00,0,1
ising-2d-tri-36q-sk-1,45920,0,100.00%,1.38 Âą 0.48,1.00 Âą 0.00,27.33%,6.00 Âą 0.00,0.35,6
ising-2d-tri-36q-sk-2,115360,52080,54.85%,1.45 Âą 0.50,26.02 Âą 4.50,-1695.42%,6.00 Âą 0.00,0.35,6
ising-2d-tri-64q-gs-5,495600,490560,1.02%,46.81 Âą 6.69,46.83 Âą 6.71,-0.06%,63.00 Âą 0.00,0,1
ising-2d-tri-64q-gs-8,812600,810080,0.31%,46.40 Âą 7.11,46.40 Âą 7.11,0.00%,63.00 Âą 0.00,0,1
ising-2d-tri-64q-sk-1,81760,0,100.00%,1.38 Âą 0.48,1.00 Âą 0.00,27.30%,6.00 Âą 0.00,0.44,7
ising-2d-tri-64q-sk-2,204960,92400,54.92%,1.45 Âą 0.50,46.28 Âą 7.86,-3092.88%,6.00 Âą 0.00,0.45,6
ising-2d-tri-9q-gs-5,68800,68160,0.93%,6.68 Âą 1.40,6.72 Âą 1.37,-0.56%,8.00 Âą 0.00,0,1
ising-2d-tri-9q-gs-8,113000,112680,0.28%,1.50 Âą 0.50,1.50 Âą 0.50,-0.09%,6.00 Âą 0.00,0.05,2
ising-2d-tri-9q-sk-1,11360,0,100.00%,1.38 Âą 0.49,1.00 Âą 0.00,27.54%,6.00 Âą 0.00,0.05,2
ising-2d-tri-9q-sk-2,28960,13200,54.42%,1.45 Âą 0.50,6.40 Âą 1.44,-342.18%,6.00 Âą 0.00,0.05,2
qft-18q-gs-5,18769,18719,0.27%,8.26 Âą 3.81,8.35 Âą 3.91,-1.17%,17.00 Âą 0.00,0.01,2
qft-18q-gs-8,30383,30267,0.38%,8.21 Âą 4.32,8.10 Âą 4.22,1.28%,17.00 Âą 0.00,0.01,2
qft-18q-sk-1,435,435,0.00%,1.18 Âą 0.38,1.18 Âą 0.38,0.00%,3.67 Âą 0.67,0.43,4
qft-18q-sk-2,4539,3021,33.44%,1.17 Âą 0.37,7.11 Âą 4.06,-508.42%,8.33 Âą 1.83,0.27,3
qft-29q-gs-5,38382,38330,0.14%,12.92 Âą 6.12,12.92 Âą 6.12,-0.01%,28.00 Âą 0.00,0.03,2
qft-29q-gs-8,62184,61912,0.44%,12.62 Âą 6.29,12.82 Âą 6.42,-1.60%,28.00 Âą 0.00,0.03,2
qft-29q-sk-1,732,732,0.00%,1.18 Âą 0.38,1.18 Âą 0.38,0.00%,3.79 Âą 0.55,0.52,5
qft-29q-sk-2,7872,5232,33.54%,1.17 Âą 0.37,11.01 Âą 6.55,-842.75%,8.97 Âą 1.65,0.42,3
qft-4q-gs-5,459,457,0.44%,2.02 Âą 1.10,2.01 Âą 1.10,0.21%,3.00 Âą 0.00,0,1
qft-4q-gs-8,743,735,1.08%,1.53 Âą 0.58,1.53 Âą 0.58,-0.02%,3.00 Âą 0.00,0.25,2
qft-4q-sk-1,57,57,0.00%,1.18 Âą 0.38,1.18 Âą 0.38,0.00%,2.50 Âą 0.50,0.23,2
qft-4q-sk-2,345,241,30.14%,1.17 Âą 0.37,1.30 Âą 0.46,-11.03%,3.00 Âą 0.00,0.25,2
qft-63q-sk-1,1650,1650,0.00%,1.18 Âą 0.38,1.18 Âą 0.38,0.00%,3.90 Âą 0.39,0.68,6
qft-63q-sk-2,18174,18174,0.00%,1.17 Âą 0.37,1.17 Âą 0.37,0.00%,9.52 Âą 1.23,0.57,5
qpe-H2-0-6-12q-gs-5,9237329,N/A,N/A,8.29 Âą 1.94,N/A,N/A,11.00 Âą 0.00,0,1
qpe-H2-0-6-12q-gs-8,14719555,N/A,N/A,7.98 Âą 2.03,N/A,N/A,11.00 Âą 0.00,0,1
qpe-H2-0-6-12q-sk-1,1305829,N/A,N/A,4.27 Âą 3.12,N/A,N/A,11.00 Âą 0.00,0.03,2
qpe-H2-0-6-12q-sk-2,4923255,N/A,N/A,4.40 Âą 3.18,N/A,N/A,11.00 Âą 0.00,0.02,2
qpe-H2-0-74-12q-gs-5,9234231,N/A,N/A,7.80 Âą 2.08,N/A,N/A,11.00 Âą 0.00,0,1
qpe-H2-0-74-12q-gs-8,14749623,N/A,N/A,8.03 Âą 1.86,N/A,N/A,11.00 Âą 0.00,0,1
qpe-H2-0-74-12q-sk-1,1293602,N/A,N/A,2.96 Âą 2.64,N/A,N/A,11.00 Âą 0.00,0.09,2
qpe-H2-0-74-12q-sk-2,4901384,N/A,N/A,3.03 Âą 2.75,N/A,N/A,11.00 Âą 0.00,0.06,2
qpe-H2-1-0-12q-gs-5,9270951,N/A,N/A,7.78 Âą 1.84,N/A,N/A,11.00 Âą 0.00,0,1
qpe-H2-1-0-12q-gs-8,14737899,N/A,N/A,8.27 Âą 2.01,N/A,N/A,11.00 Âą 0.00,0,1
qpe-H2-1-0-12q-sk-1,1317297,N/A,N/A,2.29 Âą 0.90,N/A,N/A,10.00 Âą 1.15,0.15,2
qpe-H2-1-0-12q-sk-2,4981049,N/A,N/A,2.30 Âą 0.93,N/A,N/A,11.00 Âą 0.00,0.12,2
qpe-H2-1-5-12q-gs-5,9297489,N/A,N/A,8.06 Âą 1.78,N/A,N/A,11.00 Âą 0.00,0,1
qpe-H2-1-5-12q-gs-8,14703705,N/A,N/A,8.29 Âą 1.98,N/A,N/A,11.00 Âą 0.00,0,1
qpe-H2-1-5-12q-sk-1,1348671,N/A,N/A,2.52 Âą 0.94,N/A,N/A,10.00 Âą 1.15,0.13,2
qpe-H2-1-5-12q-sk-2,4924309,N/A,N/A,2.54 Âą 0.97,N/A,N/A,11.00 Âą 0.00,0.1,2
qpe-Hubbard-10q-gs-5,1955151,N/A,N/A,6.79 Âą 1.64,N/A,N/A,9.00 Âą 0.00,0,1
qpe-Hubbard-10q-gs-8,3115329,N/A,N/A,6.59 Âą 1.64,N/A,N/A,9.00 Âą 0.00,0,1
qpe-Hubbard-10q-sk-1,323317,N/A,N/A,2.59 Âą 1.03,N/A,N/A,8.40 Âą 0.80,0,1
qpe-Hubbard-10q-sk-2,1093589,N/A,N/A,2.56 Âą 1.03,N/A,N/A,9.00 Âą 0.00,0,1
qpe-Hubbard-8q-gs-5,466229,N/A,N/A,5.45 Âą 1.36,N/A,N/A,7.00 Âą 0.00,0,1
qpe-Hubbard-8q-gs-8,742899,N/A,N/A,5.25 Âą 1.33,N/A,N/A,7.00 Âą 0.00,0,1
qpe-Hubbard-8q-sk-1,77158,N/A,N/A,2.57 Âą 1.03,N/A,N/A,7.00 Âą 0.00,0,1
qpe-Hubbard-8q-sk-2,260894,N/A,N/A,2.54 Âą 1.03,N/A,N/A,7.00 Âą 0.00,0,1
qsvt-10q-gs-5,1719332,N/A,N/A,6.71 Âą 1.38,N/A,N/A,9.00 Âą 0.00,0,1
qsvt-10q-gs-8,2732660,N/A,N/A,7.42 Âą 1.41,N/A,N/A,9.00 Âą 0.00,0,1
qsvt-10q-sk-1,286966,N/A,N/A,1.81 Âą 1.08,N/A,N/A,7.80 Âą 1.25,0,2
qsvt-10q-sk-2,1223296,N/A,N/A,1.83 Âą 1.24,N/A,N/A,7.80 Âą 1.25,0.01,2
qsvt-11q-gs-5,3347828,N/A,N/A,7.45 Âą 1.43,N/A,N/A,10.00 Âą 0.00,0,1
qsvt-11q-gs-8,5354008,N/A,N/A,8.19 Âą 1.47,N/A,N/A,10.00 Âą 0.00,0,1
qsvt-11q-sk-1,494046,N/A,N/A,1.79 Âą 1.18,N/A,N/A,8.91 Âą 1.24,0.03,2
qsvt-11q-sk-2,2265888,N/A,N/A,1.82 Âą 1.41,N/A,N/A,8.91 Âą 1.24,0.04,2
qsvt-12q-gs-5,5882636,N/A,N/A,8.21 Âą 1.48,N/A,N/A,11.00 Âą 0.00,0,1
qsvt-12q-gs-8,9429268,N/A,N/A,8.18 Âą 1.53,N/A,N/A,11.00 Âą 0.00,0,1
qsvt-12q-sk-1,863814,N/A,N/A,1.85 Âą 1.28,N/A,N/A,9.17 Âą 1.82,0.02,2
qsvt-12q-sk-2,3996432,N/A,N/A,1.92 Âą 1.56,N/A,N/A,9.17 Âą 1.82,0.01,2
qsvt-13q-gs-5,9626692,N/A,N/A,8.73 Âą 1.56,N/A,N/A,12.00 Âą 0.00,0,1
qsvt-13q-gs-8,15402596,N/A,N/A,8.71 Âą 1.58,N/A,N/A,12.00 Âą 0.00,0,1
qsvt-13q-sk-1,1520766,N/A,N/A,1.89 Âą 1.43,N/A,N/A,10.00 Âą 1.96,0.02,2
qsvt-13q-sk-2,6796848,N/A,N/A,1.97 Âą 1.70,N/A,N/A,10.00 Âą 1.96,0.01,2
qsvt-6q-gs-5,74968,N/A,N/A,2.77 Âą 1.12,N/A,N/A,4.67 Âą 0.47,0,1
qsvt-6q-gs-8,122584,N/A,N/A,3.46 Âą 1.01,N/A,N/A,5.00 Âą 0.00,0,1
qsvt-6q-sk-1,12926,N/A,N/A,1.56 Âą 0.87,N/A,N/A,4.33 Âą 0.75,0,1
qsvt-6q-sk-2,56208,N/A,N/A,1.72 Âą 0.96,N/A,N/A,4.33 Âą 0.75,0,1
qsvt-7q-gs-5,142920,N/A,N/A,4.10 Âą 1.55,N/A,N/A,6.00 Âą 0.00,0,1
qsvt-7q-gs-8,229720,N/A,N/A,5.18 Âą 1.19,N/A,N/A,6.00 Âą 0.00,0,1
qsvt-7q-sk-1,28426,N/A,N/A,1.49 Âą 0.76,N/A,N/A,4.86 Âą 0.99,0,2
qsvt-7q-sk-2,117464,N/A,N/A,1.55 Âą 0.81,N/A,N/A,4.86 Âą 0.99,0,1
qsvt-8q-gs-5,288744,N/A,N/A,2.40 Âą 1.51,N/A,N/A,6.75 Âą 0.43,0.01,2
qsvt-8q-gs-8,467676,N/A,N/A,5.12 Âą 1.39,N/A,N/A,7.00 Âą 0.00,0,1
qsvt-8q-sk-1,36982,N/A,N/A,1.53 Âą 0.77,N/A,N/A,5.50 Âą 1.22,0.02,2
qsvt-8q-sk-2,192980,N/A,N/A,1.50 Âą 0.78,N/A,N/A,5.50 Âą 1.22,0.05,2
qsvt-9q-gs-5,707492,N/A,N/A,4.95 Âą 1.57,N/A,N/A,8.00 Âą 0.00,0,2
qsvt-9q-gs-8,1122396,N/A,N/A,5.63 Âą 1.47,N/A,N/A,8.00 Âą 0.00,0,1
qsvt-9q-sk-1,118078,N/A,N/A,1.75 Âą 0.97,N/A,N/A,6.67 Âą 1.25,0.02,3
qsvt-9q-sk-2,479792,N/A,N/A,1.82 Âą 1.10,N/A,N/A,6.67 Âą 1.25,0.02,2